date,Aave V3,Morpho V1,Maple,Kamino Lend,SparkLend
2025-05-01,0.21924292775780502,0.20343953779112559,0.3933979675853686,0.06303706798342049,
2025-05-02,0.2216371941814266,0.24275779006470732,0.4670179661529261,0.07068724148722215,
2025-05-03,0.22243210009707667,0.23484224226465078,0.4980696240868402,0.07096922470343403,
2025-05-04,0.22862579074291356,0.23254120009940488,0.502328218933712,0.07002518718697899,
2025-05-05,0.21989803015824305,0.23131135347989248,0.49454093656675957,0.07047020895370362,
2025-05-06,0.22691699128016424,0.24379041806532123,0.505775544720158,0.07795263664651811,
2025-05-07,0.2237996915091094,0.23684467329082623,0.6154008046519812,0.07896297877456555,
2025-05-08,0.21689595722145552,0.2203496757969096,0.5866512601714442,0.06720203992199177,
2025-05-09,0.23011742435929725,0.2502474985584593,0.5835556785825086,0.06874537219847002,
2025-05-10,0.22643570750345615,0.24263828101529047,0.6369319041575183,0.07773187970848097,
2025-05-11,0.231012604685744,0.26675164889775843,0.7525483513733368,0.07751345021249423,
2025-05-12,0.22281078612105074,0.24733753947281945,0.718786257345491,0.07272207832228479,
2025-05-13,0.22095784739057514,0.24948322497654227,0.6477222230072743,0.07091404974007326,
2025-05-14,0.22232612919326156,0.2640427146797423,0.7092150687634042,0.06709401285011213,
2025-05-15,0.2215927083685207,0.250085141221559,0.7560333246145503,0.06265242444966623,
2025-05-16,0.2229915029049164,0.24004906583957472,0.7919837047810983,0.06033191951529847,
2025-05-17,0.22805006184143026,0.23582537066891363,0.8245466284352522,0.0591981379002553,
2025-05-18,0.220487222935158,0.22311565861041327,0.854653935471083,0.062390997465514214,
2025-05-19,0.22638280160605126,0.23437316003559167,0.8982193571832255,0.06093155604395381,
2025-05-20,0.2417197580028044,0.24390815957922032,0.8170866055957553,0.06375877640680971,
2025-05-21,0.2509898463672722,0.24456208423278084,0.8658141638841766,0.07068420363600798,
2025-05-22,0.23928962769335158,0.24128732937291217,0.7978784803666398,0.07116220886960849,
2025-05-23,0.23900471373661075,0.23932383202370666,0.8916544182373767,0.07201076628073412,
2025-05-24,0.24464084984713916,0.21540582291663837,0.80582485716626,0.06645473212958693,
2025-05-25,0.2519252243895084,0.21330112838636467,0.8926891933601435,0.0664708039182806,
2025-05-26,0.2580665437855133,0.21263844991039468,0.9231675675769304,0.06422627185381366,
2025-05-27,0.2558284281707516,0.20755202752103272,0.8770024176174012,0.06441016340587383,
2025-05-28,0.25370729307893763,0.20846893161469474,0.8727035006246178,0.06534532038126309,
2025-05-29,0.24326746747416408,0.20747797813132876,0.8575366223715354,0.06396133126048821,
2025-05-30,0.23125983988554888,0.2068645332423969,0.7666374112034954,0.0777466204868016,
2025-05-31,0.2393838058278817,0.18900635741683805,0.7584483267637147,0.07185063787767963,
2025-06-01,0.23349814274529407,0.1975692804830864,0.7299109303892684,0.07235812697571269,
2025-06-02,0.2309354739651614,0.20079705035454115,0.7601822570775276,0.07693659858114847,
2025-06-03,0.23539571679093585,0.19931607899661424,0.8791669473505779,0.07377635629501679,
2025-06-04,0.2444243891304778,0.20804573916730526,0.8734743970585465,0.07641750237171989,
2025-06-05,0.2407455904729424,0.1966567970176201,0.8393015673172166,0.07200626162923968,
2025-06-06,0.23167930090473507,0.1817387559485108,0.7384910063384484,0.0741247515361469,
2025-06-07,0.23614223611530033,0.18215648446453975,0.8017310413013843,0.07501475662840568,
2025-06-08,0.2397051301096139,0.19087114389822604,0.8277123290562293,0.07405606153221204,
2025-06-09,0.23682616164122483,0.18992525234061816,0.7803963008497307,0.07330268367235439,
2025-06-10,0.25846882824502593,0.20346558989503732,0.8294360724834987,0.07451653814106042,
2025-06-11,0.2693644638315088,0.21091071603241224,0.8257998735530063,0.08244410270860782,
2025-06-12,0.26514394769649335,0.20466752365836263,0.8192306362039014,0.0872033701918877,
2025-06-13,0.26901212113684675,0.19551045018595334,0.7933551767712296,0.0833235022542858,
2025-06-14,0.2656804299423414,0.20381708259154166,0.7543445111815413,0.0932785873826619,
2025-06-15,0.2556188080473411,0.19687202079743268,0.7181464335582367,0.09134686419479922,
2025-06-16,0.25190443078100844,0.19792094353499995,0.7376074513754415,0.09594264846752924,
2025-06-17,0.25253430956084855,0.20245900029371885,0.7803715062169118,0.09813303255718078,0.02781475132839349
2025-06-18,0.24615863167949267,0.18835532246370013,0.7578135805364419,0.096193170202586,0.028426916720132294
2025-06-19,0.2374936482766408,0.1859480290919511,0.7536369089386372,0.09775527145008069,0.024533586742351385
2025-06-20,0.235143902984202,0.17426770955824195,0.6969087951915623,0.09587825785983964,0.021461994561630622
2025-06-21,0.23343979724307687,0.16172244794644006,0.6565002570060102,0.09387751539751778,0.02101063603132254
2025-06-22,0.2214934389608999,0.15497976868987529,0.6174985989171263,0.09148562336216158,0.023280980229437254
2025-06-23,0.22268318867966808,0.16010098064243616,0.6345026883462115,0.08865298084347105,0.021656973058015415
2025-06-24,0.24301171543338054,0.18505877375242827,0.7195028512330243,0.09364909834462438,0.02572109749198782
2025-06-25,0.2469806670482887,0.187468381767885,0.8225905704600194,0.08936869668749621,0.02091457822076452
2025-06-26,0.2406194605886142,0.18765084900817472,0.7983612669466782,0.08704451986870472,0.019578201155938783
2025-06-27,0.23830698429654293,0.18255921513778528,0.8287205554724656,0.0855651330357022,0.0201537078995264
2025-06-28,0.24667351299353552,0.183114418596796,0.8251756403023196,0.08632349613861522,0.019612955884894343
2025-06-29,0.2452115486322739,0.1871681980939919,0.8728481798415573,0.08688515835420225,0.020569915674593972
2025-06-30,0.2607660504208704,0.19446903159317971,0.8478450822938591,0.08878222317089254,0.02252010564004485
2025-07-01,0.2567819769697049,0.18031046345578094,0.7495877722687259,0.08525738290402293,0.022249061086010307
2025-07-02,0.24475104509837983,0.17196150938600677,0.6987096670513606,0.08481976593321396,0.019975488055689876
2025-07-03,0.2498499860820174,0.1836602375758556,0.7144912643095683,0.08833940431161867,0.01916234246880503
2025-07-04,0.24822503901938084,0.18503590295946679,0.6592424134069194,0.08813997348394557,0.018022639363108
2025-07-05,0.23651450678890584,0.177141725727122,0.6926629955775883,0.08546681432137972,0.01702255960388753
2025-07-06,0.2416126615230941,0.17803746889253141,0.7156813114872762,0.08477244762753194,0.016651593252203854
2025-07-07,0.24888335655784777,0.18044465399677415,0.7201767065786712,0.0815238041152013,0.01647777815047346
2025-07-08,0.24886785924925148,0.1788287123332997,0.6653654944439577,0.0810747273087112,0.016919183687840303
2025-07-09,0.2527983112402754,0.18452294593097548,0.6548573573752016,0.07922488624517796,0.01633902367225773
2025-07-10,0.250654886988222,0.20339325339689002,0.6754641847689908,0.08206115616583085,0.016106780472797434
2025-07-11,0.24468221705542245,0.21337961878955672,0.6262653344887523,0.08362327976776503,0.016821780811631385
2025-07-12,0.23291590081932176,0.2118860516160166,0.635813209361907,0.08502365913885594,0.01801093211841219
2025-07-13,0.2365602215864466,0.21222212761028109,0.5916992383008927,0.0830112512247497,0.01744162388357819
2025-07-14,0.23691746136092387,0.24048542381367427,0.5847925765648366,0.08596059939306687,0.016900022431945685
2025-07-15,0.2408882496431741,0.22790538715592049,0.522124468067159,0.08522446294441326,0.01651994439364415
2025-07-16,0.24537754728252462,0.2604820427530516,0.528681210201125,0.08924551903369102,0.0165399242736351
2025-07-17,0.23397381281476332,0.24823235548692807,0.5561448813094841,0.08748700309555717,0.015672141320652186
2025-07-18,0.22802227688845367,0.2428635467710478,0.45920984958376,0.08657159970661649,0.014997515733504463
2025-07-19,0.22759211265671894,0.2426204546438405,0.4302885456344969,0.08790925907207994,0.01721342255526999
2025-07-20,0.22171818147836428,0.2358522140362182,0.42851256164604345,0.08778909772630192,0.017012290470617687
2025-07-21,0.2185106448019667,0.249540264850279,0.42384947630622133,0.08959096211542815,0.01709994681161594
2025-07-22,0.21538249084802283,0.23150873560199656,0.42616194987226824,0.09196713759031784,0.028456320653052685
2025-07-23,0.20660978570876568,0.2277748021287414,0.4544587310236136,0.0910099488361235,0.04062453389703399
2025-07-24,0.19637123059873754,0.21048354937443373,0.4575264466718478,0.08396353533594539,0.08547369007368402
2025-07-25,0.19378210197936793,0.20513940549106038,0.5024488984465343,0.08533943940268685,0.05539846026175884
2025-07-26,0.19735136125309086,0.1992366424319587,0.6629528685857595,0.08528090524388622,0.06117807065587761
2025-07-27,0.196045214254241,0.1994921710753645,0.6402619834192534,0.08506757328705046,0.0515079751696449
2025-07-28,0.19512835963774908,0.19832440448221783,0.645975646919023,0.085038848132388,0.04807623338708771
2025-07-29,0.18469390203036193,0.17998448748334514,0.5700645881772619,0.08220873600859414,0.04447820363190617
2025-07-30,0.18025097812651614,0.1828685797181459,0.5395627392245865,0.08331761822368577,0.045357865079848084
2025-07-31,0.1712140713379845,0.18120130324537986,0.5388326520675184,0.08430978034899132,0.04963782923821951
2025-08-01,0.16396292560493486,0.17421955006888884,0.49273810067417373,0.0761917538860055,0.048384364975369486
2025-08-02,0.1685252971870488,0.1670915161477583,0.5218197177113599,0.0763086692059668,0.04733039868497322
2025-08-03,0.16574574544877202,0.16569131513049912,0.4942781828265001,0.07454577787609061,0.04689313895885824
2025-08-04,0.16515587414242247,0.17875445063939824,0.5102662809893784,0.07583509786105089,0.048254635487906386
2025-08-05,0.16486495947239033,0.184464817874992,0.5348207904820755,0.07738695235108263,0.06304183403400732
2025-08-06,0.15899172197175052,0.1818556064457802,0.5543747367505898,0.0750610851309879,0.06425233436593475
2025-08-07,0.16017612930737182,0.1824294141702849,0.5665669212273758,0.07426662178912123,0.05958479808734318
2025-08-08,0.16733373332844675,0.19357799526211583,0.5965841930568705,0.07459031429822449,0.05873647941977168
2025-08-09,0.16951376209039234,0.19725159964052738,0.5568457867534128,0.07550910544448768,0.05801601309346869
2025-08-10,0.17112066082008806,0.20635125742487254,0.5669019931653602,0.07739227536235163,0.05590425313049897
2025-08-11,0.17092558719171616,0.20436596680495178,0.5686911779800065,0.07617519581644798,0.05502930202829874
2025-08-12,0.16586488788842474,0.19894380318529134,0.5545577187893059,0.07543622290356919,0.05148912691880529
2025-08-13,0.17170342669901925,0.21999136839447406,0.5171814111181919,0.07946789196672142,0.04455085342713648
2025-08-14,0.17512455934439777,0.2241103731956942,0.5158359856163433,0.08435739056225348,0.05693755844751774
2025-08-15,0.17072322734310316,0.21400956410960578,0.4539474650975657,0.0886478770186835,0.05373556689887341
2025-08-16,0.1657894934585422,0.20231986425532547,0.4406558666911898,0.08613606386989633,0.05292983908422716
2025-08-17,0.1641681966200368,0.2083592300611253,0.4541114242948041,0.08629864285415442,0.05363813798121414
2025-08-18,0.16842153690673406,0.21534214726367468,0.45604078542546045,0.08838160296521043,0.053300315548987995
2025-08-19,0.16199718139283717,0.20935273449127118,0.4396152239725071,0.08705545420802323,0.05320627880259349
2025-08-20,0.16048088321364876,0.2099253185075088,0.4206633639241685,0.0844459282489,0.05652102264399305
2025-08-21,0.1684034007743403,0.23284416981902206,0.4394486724054779,0.08522902639407891,0.055365121484530544
2025-08-22,0.1700331524808061,0.24352810743757658,0.42791804704625874,0.08440191876986496,0.05239611454351314
2025-08-23,0.18188927695649462,0.268739171597621,0.4587863780870718,0.08739075824785221,0.05149522876255155
2025-08-24,0.18762702983286925,0.2664788890947757,0.4865902586763332,0.08421477485285442,0.04765784284455657
2025-08-25,0.18390068627522482,0.2542292581797602,0.4636035733583616,0.08636321636985773,0.0433973548554442
2025-08-26,0.1742290413294555,0.2355704599351888,0.4156850412321032,0.08161364369055246,0.05129085613978261
2025-08-27,0.17846725716381612,0.22960770750175574,0.43785211614557207,0.08364344011285552,0.04501961669178069
2025-08-28,0.17139892097121645,0.209957368974506,0.4579613397580974,0.08422264938425232,0.04284062378524495
2025-08-29,0.16921901120693467,0.20543671158126595,0.4540702184435161,0.08844711606009333,0.043331902021756075
2025-08-30,0.17427140677717504,0.19562685995639334,0.47131513321959534,0.09023873143512011,0.04649225803744075
2025-08-31,0.17296075706592468,0.19151713665784484,0.4861817679844186,0.09376502803071406,0.04370382878018034
2025-09-01,0.17078829650871916,0.18241782786587715,0.46318168515737734,0.09693960882022135,0.04163202234326037
2025-09-02,0.16515888791285088,0.16725096419132818,0.4647920100985843,0.08945073332836215,0.0451297562330781
2025-09-03,0.17087226255659288,0.1776369812716277,0.4698968823932397,0.09168848053248856,0.04260795162595578
2025-09-04,0.17428981747459082,0.17976540655559037,0.4787089526186448,0.09248108474322563,0.04353174398940378
2025-09-05,0.16613403614346278,0.15819264219668838,0.4578018032906126,0.09071114284779833,0.04460060992848441
2025-09-06,0.16197271386092954,0.15579222441668417,0.4826601904585652,0.09131256910638502,0.044653411179001436
2025-09-07,0.1605323956399911,0.15725883991696277,0.4742749090143214,0.0904332048477899,0.04431426322052376
2025-09-08,0.16189068230894393,0.15625852075302915,0.46607136188035847,0.08996327070151135,0.046847697809997514
2025-09-09,0.16142666093046024,0.15073160268662436,0.4667379723975951,0.09308103892802011,0.04979547191033813
2025-09-10,0.15794581177535882,0.14950707855630074,0.45159532170670796,0.08790166089529583,0.047888837250376154
2025-09-11,0.15811774693164743,0.15095620017093286,0.4235752779906945,0.08992734068726287,0.0483391958704826
2025-09-12,0.1615152078318525,0.1593405356925248,0.4352846365102838,0.10786676012966463,0.0495635783898159
2025-09-13,0.16192587127493155,0.16096199096694724,0.4466931210959468,0.09641601003521633,0.05122235694639314
2025-09-14,0.15930917450902551,0.15201349096611436,0.414595773236626,0.0969615237331434,0.052714409224694926
2025-09-15,0.1560682888184697,0.145912048966533,0.4034673528344927,0.09762225073737323,0.04714454366595196
2025-09-16,0.1543529839724179,0.14004909703237603,0.3818381457399181,0.10376959994371786,0.04614910884476344
2025-09-17,0.15325170435511457,0.13927499966699253,0.37429847397601473,0.101519257855106,0.04498260372787698
2025-09-18,0.15388529283116692,0.14553731307443873,0.3824389008485694,0.1328288906507137,0.04420203424577648
2025-09-19,0.15441214197230013,0.16465575965190307,0.3790364509351845,0.1384993986419916,0.04456356281098396
2025-09-20,0.15072778926687122,0.14885169736087026,0.36231022422929954,0.12623525764112684,0.04503410477538493
2025-09-21,0.14905272020315183,0.14636559652612968,0.36493272135848887,0.12834744748507354,0.04304238868518287
2025-09-22,0.14963639616728378,0.144477436066574,0.35829751757332806,0.13269056258037265,0.04137784733377984
2025-09-23,0.14102372863514334,0.13982965010998089,0.3466567973652719,0.12107401934128935,0.040761928086053695
2025-09-24,0.1446924375356881,0.13572952856070888,0.34270596777489765,0.11786117300472172,0.03962806252654739
2025-09-25,0.1483572883074268,0.14025273682938805,0.34477945746264416,0.11710725621263665,0.0390547089602817
2025-09-26,0.14338239253878846,0.14157447749878593,0.30461657854737345,0.11271538952027145,0.04285519235841735
2025-09-27,0.14719967694465474,0.14637431767938713,0.3162851595022129,0.1183176859252167,0.04226653385126112
2025-09-28,0.14480972923323568,0.14626288901713802,0.3096631905168162,0.1249001690673115,0.04090038366802414
2025-09-29,0.1476315466164709,0.15089959728747604,0.3180741999833518,0.11707396977522896,0.038058140742120314
2025-09-30,0.14864810314401922,0.15073387327765117,0.31750764393271025,0.12204396141816518,0.037992865131965654
2025-10-01,0.14760414083341755,0.14262419421818562,0.2869768000182194,0.12381424097882494,0.03662024809903654
2025-10-02,0.1504856199285607,0.15144667543573476,0.3074146072222772,0.12742840824483614,0.03980304718295907
2025-10-03,0.14947963705217557,0.15751982498565079,0.3089159896192362,0.1294511784851552,0.03879127703009103
2025-10-04,0.15027041236372557,0.15689125724452668,0.3258381280310431,0.13750131923489786,0.03922462899899239
2025-10-05,0.14723859910082981,0.15419284784587123,0.31541685805905306,0.13126160799046416,0.0377275312769676
2025-10-06,0.14900886055092438,0.1549281064804899,0.31570544342131585,0.1418986587006574,0.03520764027234184
2025-10-07,0.15190452442337077,0.15658115127308164,0.31730117862205026,0.14000440817719617,0.03510388862868333
2025-10-08,0.14368788821026204,0.14537197683848216,0.29593815389314904,0.1300366164389557,0.0325152904088497
2025-10-09,0.1470498825212086,0.14603995545433548,0.3064285822758192,0.1263423540796777,0.03199273573825704
2025-10-10,0.14443399639004173,0.209846668485465,0.29414012153478036,0.12310262182947165,0.03159753476107714
2025-10-11,0.13143311518542697,0.17825236626538762,0.2445333192119863,0.11691388505800174,0.027128730404208778
2025-10-12,0.13699500038537313,0.2098045786746446,0.23307972905370625,0.11305248357922736,0.029479569528406663
2025-10-13,0.14039410713621733,0.2524120481251948,0.2598200566698429,0.11279131855659418,0.030039221456675265
2025-10-14,0.14435953228719584,0.2495746822982084,0.2920759549845901,0.12278256825076833,0.03174262530616864
2025-10-15,0.1449103693934067,0.24827271353349775,0.3409485757928306,0.12055500495999619,0.030259013754972173
2025-10-16,0.13966419792846527,0.23562872047481595,0.32373102835119855,0.12079009911709478,0.029930008971422832
2025-10-17,0.13106302182960602,0.22153569466011003,0.30648267022479897,0.12322143226594547,0.026493602919356447
2025-10-18,0.12363145896812366,0.22386504650878397,0.28342905587001604,0.13588352353198835,0.027809425282605715
2025-10-19,0.12837874852262315,0.2369987248835704,0.2769924049713189,0.13078509160906135,0.02685572736124386
2025-10-20,0.1312441562338868,0.24033853648804127,0.28223905989877784,0.1297489914726473,0.026398643921518486
2025-10-21,0.13413756690108358,0.23961265275385124,0.27048423121289855,0.121603377333856,0.027576389525621994
2025-10-22,0.13011507554739737,0.22909697019459077,0.2672957795327811,0.12519540058088036,0.0284413013314724
2025-10-23,0.1303278971313022,0.22529086241569293,0.25289267188800163,0.12019969325166137,0.027890786294437173
2025-10-24,0.1322327589109747,0.23382626440455645,0.2536739833424794,0.11761246450880623,0.029168864405123836
2025-10-25,0.13505064913161585,0.24447177961650352,0.2559905524156993,0.12575633669788602,0.03442016127999957
2025-10-26,0.13327922971074974,0.24013824217617002,0.2647686314715707,0.12369413304725622,0.030600307574764455
2025-10-27,0.13826334959198552,0.24859766110838363,0.27063857681684,0.12562037184708208,0.030193487528932774
2025-10-28,0.13441596059461863,0.2431924088051705,0.2503202375323993,0.12454116830810287,0.028434672423926166
2025-10-29,0.13269986749385843,0.22932859924029284,0.2478022782101457,0.12839808627587493,0.02772078668802059
2025-10-30,0.13195259319524086,0.23917889561020556,0.2707268914008542,0.12963374361101554,0.02787685760337062
2025-10-31,0.1268398969652359,0.22783694712202102,0.2645262474445108,0.12287974629162984,0.027028592747929292
2025-11-01,0.13476793373404464,0.22518287760633587,0.2854071693386941,0.12787468553100723,0.02716880409007603
2025-11-02,0.13081913861810968,0.23189084258819956,0.29989504108252846,0.12436887967855027,0.02866622002192331
2025-11-03,0.13421700034112916,0.2366211545982742,0.29034738210660765,0.1209318509295869,0.02883302646163544
2025-11-04,0.12322221611572344,0.21066869327344592,0.2739226492207983,0.12197403230212908,0.025922975913072428
2025-11-05,0.12391831839681625,0.2069985512535876,0.2546064534988185,0.1397788881716242,0.0253401453108523
2025-11-06,0.1317819206043267,0.22499394589018376,0.28113013129189035,0.14816614482265691,0.028639399679753232
2025-11-07,0.1304056948746661,0.22114401533978,0.2671392986398696,0.15027172303479255,0.028088633174663154
2025-11-08,0.1364397740374396,0.23816055533650957,0.3010718940886619,0.14734803619935108,0.033567530316929134
2025-11-09,0.13435148264500235,0.250472537820485,0.3060418318044165,0.14589328728078382,0.03919421388700846
2025-11-10,0.13742123609539103,0.26678689155273977,0.3148776493150652,0.14760223958332228,0.03572779185303108
2025-11-11,0.14618825828530987,0.27472823608500146,0.31163860061377574,0.14908772468886572,0.03660694766663064
2025-11-12,0.13628389147006276,0.27159743254452234,0.2970690425775916,0.1465452708927978,0.03266515894050414
2025-11-13,0.1325863809437141,0.2794726923513316,0.27642113749779335,0.14285807896378463,0.032451181111064674
2025-11-14,0.1327400433008203,0.2901913379851617,0.2831686162046559,0.148098951200327,0.031754257156431084
2025-11-15,0.11835778353392033,0.2902227820313299,0.2901994378654912,0.141274127332033,0.032361733308517604
2025-11-16,0.12017785305116513,0.28875709957042756,0.2887816006137924,0.14542210770549918,0.032206998788368524
2025-11-17,0.11861441845359233,0.29127173598997796,0.28368834095891027,0.1366944955011649,0.03027666258067334
2025-11-18,0.115991749065928,0.26853515246331877,0.2654488835941269,0.1414927747100983,0.03157383735138568
2025-11-19,0.12169761525353677,0.2820035543381737,0.2637977884666226,0.14240547275971352,0.03244718031223487
2025-11-20,0.12116523456386455,0.2865371463227646,0.2566857222332331,0.13904944616558143,0.03249628719230317
2025-11-21,0.11828490673667262,0.26551215869887546,0.2205305374974555,0.13248623818562452,0.033205723700876884
2025-11-22,0.11579419109752717,0.2697533231167889,0.2280826711386267,0.12999343328028418,0.03355385901244169
2025-11-23,0.11850793416018043,0.26526505725988525,0.22725081066048008,0.13539602944045112,0.032946877124086296
2025-11-24,0.12279226979639182,0.26375507678735144,0.23439203314536838,0.13682839696067903,0.03275776017658089
2025-11-25,0.12891024535985074,0.27375254446989145,0.22101572342978423,0.1492935049464664,0.03724574984723644
2025-11-26,0.1294519894485037,0.26920017838233273,0.22253965184346422,0.14922397667825374,0.037621723299260126
2025-11-27,0.1325170405928235,0.262126069622969,0.22436514022107767,0.15492730527275178,0.037645161900132264
2025-11-28,0.13227064223412513,0.26715132949126275,0.21429908786385218,0.15666585155779386,0.03896493712979735
2025-11-29,0.1317306966866593,0.2670897662029413,0.21451010047896163,0.15701274703606422,0.04107872365997413
2025-11-30,0.13025354230494215,0.2613985862963398,0.2004088019297408,0.15715699266012353,0.041021535413723866
2025-12-01,0.1275018153704253,0.2560078664132332,0.20297224385502427,0.160443966090712,0.041117173442323414
2025-12-02,0.1254584511653092,0.2418425701687906,0.19245176292585892,0.1569641491259201,0.038732617419603085
2025-12-03,0.13451911257067284,0.25030765329550136,0.18784245551383227,0.16346544426082668,0.041748492497921216
2025-12-04,0.13699332069232753,0.25437724738327894,0.18203067825363248,0.16221876938757593,0.042624984149970756
2025-12-05,0.13265940212968277,0.24507627005188676,0.17383776895874226,0.162910923021728,0.0422197379005091
2025-12-06,0.12921487246706764,0.22938100933137165,0.1747608334586359,0.16099291639990684,0.04192498974989283
2025-12-07,0.13143128344592714,0.2206549826583009,0.1892584212160678,0.16072893850675957,0.039513912128921816
2025-12-08,0.13085965042082592,0.21229023829988797,0.18336558118928012,0.1637501704881002,0.03679625967558268
2025-12-09,0.13281209684171455,0.2130735489696432,0.18459283202936927,0.16615400773114433,0.0369763099852157
2025-12-10,0.13701495205209752,0.22460535494994077,0.18495119236143737,0.16054189297535434,0.03715486166620154
2025-12-11,0.13168822124546978,0.2100858266704995,0.18419198850798502,0.16421487198251086,0.036154794057911666
2025-12-12,0.13703916300586846,0.20612837492590294,0.19258682121513096,0.16073683480968964,0.03572385905914926
2025-12-13,0.13339703399374092,0.1983698627258851,0.17667533255079448,0.1644254935112787,0.03482335461196537
2025-12-14,0.1369832005762309,0.1915811536297352,0.18322613217747608,0.16259034368438888,0.03525669498884949
2025-12-15,0.13087442912195163,0.18731218088362142,0.17744692573339135,0.16032580759234968,0.03439001008643127
2025-12-16,0.13680593261517615,0.19268160075489862,0.1773982557565086,0.15761351193564113,0.03341571265914825
2025-12-17,0.1342743204366536,0.20012184797486027,0.18279046829343365,0.16110601915495049,0.03428303537994261
2025-12-18,0.13169732655905766,0.19948841714031945,0.18520420457730263,0.15607419733922523,0.03311900065414728
2025-12-19,0.1271834041895934,0.19307820022138872,0.20790157931330788,0.15455157171205125,0.032933142136047505
2025-12-20,0.1279298295493581,0.20433990958354617,0.2426695483973204,0.14609557056047462,0.033350862484874434
2025-12-21,0.12814282999841997,0.2036829884953026,0.2478812384483955,0.1475334176283946,0.034172835997651724
2025-12-22,0.1166224466384852,0.20522450322931268,0.26616009072162217,0.1435417729816763,0.03327959182586964
2025-12-23,0.10627091097390849,0.20029710456526112,0.2603262129071899,0.14235650574928263,0.03448431262287848
2025-12-24,0.10765533556356063,0.19611813287403243,0.19293606917899497,0.14051411110242193,0.03388322642570817
2025-12-25,0.10667862963277308,0.1934893691818971,0.19950441689949422,0.14486447117155685,0.03289135969234968
2025-12-26,0.10775630907914441,0.1847238935921041,0.2157536880936072,0.14419906858289738,0.034077963298877606
2025-12-27,0.11114210549044208,0.193943392525481,0.21933805440364754,0.14135789195797158,0.034851178924924044
2025-12-28,0.11285734408673148,0.19538242104131331,0.21782540071070805,0.14253559814041367,0.03730369260094447
2025-12-29,0.11064755695900816,0.19272210573237727,0.21027861275355558,0.14072152373290825,0.03916928732840808
2025-12-30,0.10641342807375358,0.1975683136043673,0.2044337038138265,0.1491314209734919,0.03712764242566883
2025-12-31,0.105715046377318,0.1916354722909855,0.20646101981796677,0.17721781806098044,0.0365527886043419
2026-01-01,0.1028066669284121,0.17623768003287354,0.18152809492540184,0.16824398703999655,0.033183556561756096
2026-01-02,0.10421006364131948,0.17676820757784975,0.20971439401922662,0.167150656635831,0.034486311529740854
2026-01-03,0.1132228624901953,0.17942379134778255,0.27589869574164744,0.17655830931740255,0.034187449752705955
2026-01-04,0.11128669470919818,0.17947985042733586,0.27465222917981136,0.17688957252464743,0.03534589129505205
2026-01-05,0.11164125968622346,0.18137516300761042,0.2800315087869884,0.17595609294322595,0.03501427092027607
2026-01-06,0.11547940158239585,0.18549056079678813,0.2841114514953049,0.17340302742155306,0.035151890925653115
2026-01-07,0.11705299319247486,0.1923454182071902,0.28306735674815203,0.1697572067173503,0.03920964319790983
2026-01-08,0.11259600724619016,0.18701653921660705,0.2763566331365866,0.16589806262797593,0.03857312220346171
2026-01-09,0.11157993336223986,0.18183344645572103,0.28121366719519597,0.16505994585871403,0.03558027332705324
2026-01-10,0.11255301597404864,0.18454182887239143,0.2833914282077528,0.16643350972947768,0.036461891264153355
2026-01-11,0.11193257169839978,0.19131636754075199,0.28887125876338815,0.16093917884162706,0.03532987894124304
2026-01-12,0.11289578589658358,0.19063527034231004,0.2908073508976224,0.15790717360818862,0.0356134051351368
2026-01-13,0.11102950474136826,0.18888671649173708,0.28420280464846615,0.16036786892519708,0.03477337087027954
2026-01-14,0.11523924610800237,0.1986013227420466,0.2900976542734385,0.15252314906720246,0.035233513594050074
2026-01-15,0.1153405502345295,0.20328609809390608,0.2833609554388255,0.14954095244916116,0.03649622667166298
2026-01-16,0.11097105142358635,0.19975725883608028,0.27354422944496015,0.15835275168900723,0.03555837097533864
2026-01-17,0.11329737180373285,0.19216845823127707,0.2626126486830663,0.15441637863125243,0.0356979055595604
2026-01-18,0.11154087077616857,0.18562640205162045,0.2643191771215614,0.1493914193648661,0.03486444436914187
2026-01-19,0.11064224216206177,0.18837282554843052,0.25507607503637447,0.14294266968150596,0.0352761754970529
2026-01-20,0.10585969716300488,0.18271747549549727,0.2595019468769544,0.150853534570178,0.034783141109071325
2026-01-21,0.10113996691691318,0.16489800834423574,0.23843694768876864,0.14491251232617736,0.03381650669244886
2026-01-22,0.10345616013803322,0.16877836009690614,0.22247911395096653,0.14336943115082548,0.03397925499725286
2026-01-23,0.10191485711963365,0.16997709020178248,0.220675088881952,0.13769574620723746,0.034580473606026625
2026-01-24,0.10135121888182559,0.16759836079705454,0.2093693232025287,0.13415500206701617,0.03453198519266247
2026-01-25,0.10044823192490976,0.1674462217810886,0.21405740459044534,0.13007485778647693,0.03626761651592706
2026-01-26,0.09671500141247863,0.15964940744806277,0.2002354775567807,0.1272654136691822,0.036074784858902295
2026-01-27,0.09874769930399231,0.17266749295521852,0.20629854329253752,0.11877826067564787,0.03571317882493803
2026-01-28,0.0988733292540542,0.1641614985218777,0.20846437399494563,0.10979351175125883,0.03517343826343089
2026-01-29,0.0991450110654615,0.16617928013935734,0.2150967757495136,0.10807705174108392,0.03629369246044979
2026-01-30,0.09440353641244524,0.1676928661481975,0.20986938792683357,0.10754510359837026,0.03214395790627912
2026-01-31,0.09065700660989737,0.16905481405864198,0.20112850623336434,0.10802703896185031,0.0355935352603402
2026-02-01,0.08925521091676711,0.16753545549016596,0.18957261139037515,0.10450588291431756,0.03165531342164766
2026-02-02,0.08927227852471001,0.1666153225665752,0.18211022948259106,0.10612130908524535,0.034138181898606595
2026-02-03,0.0909212323220255,0.18709839787190027,0.18392310967994469,0.11965950033601615,0.03932194000342153
2026-02-04,0.09025891978616173,0.19388852301769868,0.20361372818955378,0.11329824257399529,0.0372752955530743
2026-02-05,0.09300380059075761,0.18635002728832645,0.20020270643041654,0.1115099264515762,0.03982254117780638
2026-02-06,0.08310415460456097,0.1789515679418919,0.1816525646333637,0.10551089434193789,0.03875753380509739
2026-02-07,0.09398096845571367,0.2010766315821643,0.19936345239410866,0.12110740263374903,0.04020980104921765
2026-02-08,0.09559083777018423,0.19904846049358552,0.19807466895252565,0.11841377570816536,0.04077657449897626
2026-02-09,0.09446782353873394,0.1973278110183432,0.19793875995487561,0.11586248165384744,0.04105107157903354
2026-02-10,0.09440755055646378,0.19581414474834954,0.19717486544231821,0.11608422124020698,0.04213140242712985
2026-02-11,0.09385775724564731,0.19409824653973795,0.1709789667899244,0.11237066104653026,0.04085560902166159
2026-02-12,0.09415583124664498,0.1822081714792979,0.17753143090497608,0.10944035312906401,0.04093182337227139
2026-02-13,0.10158526692764325,0.18657437296478113,0.17771435888970297,0.10925144901492614,0.04166775218038289
2026-02-14,0.10295571118244741,0.19843217039546962,0.17986936542848325,0.1113914906480653,0.040994758549462544
2026-02-15,0.11199023272246175,0.2306120792112481,0.1846590618268847,0.1112532012513167,0.04134912763141702
2026-02-16,0.11242759084475341,0.2213965814386945,0.1710793191976843,0.11025635742804232,0.04149468170146915
2026-02-17,0.11323158909706432,0.22571105230598879,0.16366142485971882,0.11986526662090277,0.040887881083229306
2026-02-18,0.11350762973500447,0.24645925759023313,0.15900113280974096,0.11123306442874731,0.03957226691956918
2026-02-19,0.11089411734031553,0.24187835944641994,0.15104471936308256,0.10576846452663312,0.040014945319546004
2026-02-20,0.11245677363667764,0.22659542777499975,0.14750910339016962,0.10489177571884412,0.039792672653636944
2026-02-21,0.10530288041600393,0.2592086383092241,0.14785781309215862,0.10542352347530104,0.040319094568254776
2026-02-22,0.11059588348297905,0.26441222772443185,0.1499143363901925,0.10346078034261028,0.039108133241002825
2026-02-23,0.10742530103260343,0.2621303102103569,0.14326288858529374,0.10078369762221266,0.03990489916338688
2026-02-24,0.10705248193508612,0.16914063565706144,0.13422302405958167,0.09203792001723624,0.038778660290539876
2026-02-25,0.10721214777115302,0.18689278518235344,0.13623174492283296,0.08328361006126775,0.040044252897312824
2026-02-26,0.10612525756836588,0.19300367175684355,0.145545961205728,0.09062927542238852,0.03989407602467127
2026-02-27,0.10359343933112657,0.2969594661518608,0.15422192607279012,0.08101921290462001,0.040082061173795584
2026-02-28,0.1045357840327814,0.2922829252546471,0.14954499957577844,0.07955537797287135,0.040906736388480476
2026-03-01,0.10314295389219717,0.2791303178973661,0.1463679541497009,0.08118608075829901,0.03776436337160198
2026-03-02,0.10528220382825947,0.275484488322867,0.14873920411278158,0.08260915382958157,0.03782667679730233
2026-03-03,0.11126282632415907,0.2999948939972541,0.1493158213234247,0.08175966992764473,0.03831271384004406
2026-03-04,0.10225702946689363,0.3053042739471975,0.14479175599152394,0.08638990681950015,0.03737501194208547
2026-03-05,0.10339168865596217,0.27628804001836976,0.15362760254380725,0.08519823523886143,0.04540801337632322
2026-03-06,0.10587974153545936,0.2822142005287185,0.16454021212242564,0.0853715060759139,0.04514040161106466
2026-03-07,0.10344114309133969,0.25896737227671923,0.16000208656563408,0.07795084212663919,0.047187678521346144
2026-03-08,0.10165052727836935,0.262159523640442,0.15519729903587298,0.07392026820610674,0.04725017675953488
2026-03-09,0.0993117626944637,0.26763417150053775,0.15188549217302422,0.07070255053368851,0.048029450644774783
2026-03-10,0.09890215343801707,0.2677261274750693,0.15512706357827774,0.07113791166097475,0.053196847542579695
2026-03-11,0.10189863643579769,0.2729863538249052,0.14859357810636856,0.06959219248321895,0.05146570558657425
2026-03-12,0.09974603287357738,0.26938470022114086,0.14555954686546962,0.06825874133593984,0.05739495553462378
2026-03-13,0.10017833252775868,0.2779815964048286,0.15291447464483005,0.07033199938168233,0.05956918229932841
2026-03-14,0.09976377757525487,0.25879161907059284,0.15467341027199566,0.07559369280699527,0.06427691640960043
2026-03-15,0.09902743992104546,0.2621215223867394,0.16005694148112196,0.0717090626873601,0.07198698041129789
2026-03-16,0.10234231604914465,0.25780339733766483,0.1607564239768996,0.07295230387865814,0.06331522204425752
2026-03-17,0.10457128247203239,0.24192557465705686,0.1611244880457673,0.07760503354171107,0.06085456129608676
2026-03-18,0.10217200419915214,0.23728352400758804,0.14986238350589862,0.07937520351785005,0.06055188257540821
2026-03-19,0.10044426019143639,0.22825729904393105,0.1432588902039523,0.07510156406694378,0.056403423655165326
2026-03-20,0.09869564229211632,0.23146541022586825,0.1377174382323567,0.07514963440746251,0.05513358437633071
2026-03-21,0.09841377419028294,0.23237084956347817,0.13596504272811957,0.0790838153877021,0.05629260941008007
2026-03-22,0.09798940867226438,0.2332173289332064,0.13603222758312028,0.07578830238043051,0.05828572156318619
2026-03-23,0.09537970463096053,0.22790813390928794,0.13094443801850378,0.07457078950187288,0.05856796023465879
2026-03-24,0.0968791532965405,0.23094249609283946,0.13931293095378122,0.07587120084816837,0.06159135680683121
2026-03-25,0.09861088097597479,0.23746805002208154,0.14142933782878292,0.07616980458114635,0.060564282297314156
2026-03-26,0.09906644188409644,0.22890967807098914,0.1482165115208468,0.07572147521068441,0.05907433483892101
2026-03-27,0.09400089125094767,0.20831463273095957,0.11822742015013434,0.07095826572325561,0.06104281163348738
2026-03-28,0.04466933206830122,0.10012461834761309,0.055777710850256554,0.03171220992297846,0.030282054839067134
